Window_Index,OLD_STATIC,PORT_DYNAMIC,MULTI_SIGNAL
0,0.3443,0.3443,0.3443
1,0.6828,0.6828,0.6828
2,0.1836,0.1836,0.1836
3,0.3902,0.3902,0.3902
4,0.3902,0.3902,0.3902
5,0.3902,0.2525,0.2525
6,0.3443,0.4877,0.4877
7,0.3902,0.2525,0.2525
8,0.2525,0.1463,0.1463
9,0.2525,0.4131,0.4131
10,0.5967,0.5967,0.5967
11,0.5967,0.5967,0.5967
12,0.3443,0.5967,0.5967
13,0.5967,0.5967,0.5967
14,0.3902,0.5967,0.5967
15,0.3902,0.3443,0.3443
16,0.3443,0.4131,0.4131
17,0.3443,0.6828,0.6828
18,0.1836,0.1463,0.1463
19,0.1836,0.1463,0.1463
20,0.3902,0.2525,0.2525
21,0.3902,0.2525,0.2525
22,0.3443,0.1463,0.1463
23,0.3902,0.3443,0.3443
24,0.2525,0.1463,0.1463
25,0.2525,0.1463,0.1463
26,0.1836,0.1463,0.1463
27,0.3902,0.2525,0.2525
28,0.2525,0.1463,0.1463
29,0.1836,0.1463,0.1463
30,0.3443,0.1463,0.1463
31,0.3902,0.2525,0.2525
32,0.1836,0.1463,0.1463
33,0.3443,0.1463,0.1463
34,0.3443,0.1463,0.1463
35,0.2525,0.1463,0.1463
36,0.3902,0.2525,0.2525
37,0.1836,0.1463,0.1463
38,0.3902,0.3443,0.3443
39,0.3443,0.1463,0.1463
40,0.3902,0.2525,0.5967
41,0.2525,0.4131,0.4131
42,0.3902,0.5967,0.5967
43,0.3902,0.6828,0.7344
44,0.5967,0.5967,0.5967
45,0.2525,0.4131,0.7344
46,0.4131,0.4131,0.4131
47,0.4131,0.4131,0.4131
48,0.3902,0.3443,0.3443
49,0.3902,0.3443,0.3443
50,0.3902,0.2525,0.2525
51,0.3902,0.2525,0.2525
52,0.3902,0.2525,0.2525
53,0.2525,0.1463,0.1463
54,0.2525,0.1463,0.1463
55,0.2525,0.1463,0.1463
56,0.1836,0.1463,0.1463
57,0.2525,0.1463,0.1463
58,0.2525,0.1463,0.1463
59,0.2525,0.1463,0.1463
60,0.1836,0.1463,0.1463
61,0.2525,0.1463,0.1463
62,0.3443,0.1463,0.1463
63,0.2525,0.1463,0.5967
64,0.3902,0.2525,0.2525
65,0.3902,0.2525,0.2525
66,0.3902,0.2525,0.2525
67,0.4131,0.4131,0.4131
68,0.2525,0.1463,0.1463
69,0.2525,0.1463,0.1463
70,0.1836,0.1836,0.1463
71,0.3902,0.2525,0.2525
72,0.3443,0.1463,0.1463
73,0.3443,0.1463,0.1463
74,0.3902,0.2525,0.2525
75,0.3902,0.2525,0.2525
76,0.2525,0.1463,0.1463
77,0.6828,0.6828,0.6828
78,0.5967,0.5967,0.5967
79,0.5967,0.5967,0.5967
80,0.5967,0.5967,0.5967
81,0.3443,0.3443,0.3443
82,0.3902,0.2525,0.2525
83,0.3443,0.2525,0.1463
84,0.2525,0.1463,0.1463
85,0.3902,0.2525,0.2525
86,0.2525,0.1463,0.1463
87,0.2525,0.1463,0.1463
88,0.3902,0.2525,0.2525
89,0.2525,0.1463,0.1463
90,0.2525,0.1463,0.1463
91,0.3902,0.2525,0.2525
92,0.1836,0.1463,0.1463
93,0.1836,0.1836,0.1463
94,0.6828,0.6828,0.6828
95,0.1836,0.1836,0.1463
96,0.3902,0.3443,0.3443
97,0.3902,0.3443,0.3443
98,0.3902,0.3443,0.3443
99,0.3443,0.6828,0.6828
100,0.3443,0.1463,0.1463
101,0.3443,0.4131,0.4131
102,0.2525,0.4131,0.7344
103,0.6828,0.6828,0.6828
104,0.3902,0.3443,0.3443
105,0.3902,0.3443,0.3443
106,0.3902,0.3902,0.3902
107,0.3902,0.3443,0.3443
108,0.3902,0.3443,0.3443
109,0.3443,0.1463,0.1463
110,0.3443,0.4131,0.4131
111,0.6828,0.6828,0.6828
112,0.3902,0.2525,0.2525
113,0.3902,0.2525,0.2525
114,0.3902,0.2525,0.2525
115,0.1836,0.1463,0.1463
116,0.3902,0.2525,0.2525
117,0.3902,0.3443,0.3443
118,0.3902,0.2525,0.2525
119,0.3443,0.6828,0.6828
120,0.3443,0.1463,0.1463
121,0.6828,0.6828,0.6828
122,0.3443,0.1463,0.1463
123,0.3902,0.3443,0.3443
124,0.3443,0.3443,0.3443
125,0.1836,0.1463,0.1463
126,0.3443,0.6828,0.6828
127,0.2525,0.1463,0.1463
128,0.1836,0.1836,0.1463
129,0.3902,0.2525,0.2525
130,0.3902,0.3443,0.3443
131,0.6828,0.6828,0.6828
132,0.3902,0.2525,0.2525
133,0.2525,0.1463,0.1463
134,0.2525,0.1463,0.1463
135,0.2525,0.1463,0.1463
136,0.3443,0.2754,0.2754
137,0.2525,0.1463,0.1463
138,0.1836,0.1463,0.1463
139,0.3902,0.2525,0.2525
140,0.3902,0.2525,0.2525
141,0.3902,0.2525,0.2525
142,0.3902,0.2525,0.2525
143,0.6828,0.6828,0.6828
144,0.3443,0.1463,0.1463
145,0.2525,0.1463,0.1463
146,0.3902,0.2525,0.2525
147,0.3443,0.1463,0.1463
148,0.3443,0.4877,0.4877
149,0.3902,0.3443,0.3443
150,0.1836,0.1463,0.1463
151,0.3902,0.2525,0.2525
152,0.6828,0.6828,0.6828
153,0.3902,0.3443,0.3443
154,0.3902,0.3443,0.3443
155,0.3902,0.3902,0.3443
156,0.3902,0.3443,0.3443
157,0.3902,0.3443,0.3443
158,0.3902,0.2525,0.2525
159,0.2525,0.1463,0.1463
160,0.2525,0.1463,0.1463
161,0.1836,0.1463,0.1463
162,0.2525,0.1463,0.1463
163,0.3902,0.2525,0.2525
164,0.3902,0.6828,0.6828
165,0.6828,0.6828,0.6828
166,0.6828,0.6828,0.6828
167,0.3902,0.3443,0.3443
168,0.3902,0.3443,0.3443
169,0.3902,0.3443,0.3443
170,0.3902,0.3443,0.3443
171,0.3902,0.3443,0.3443
172,0.3902,0.2525,0.5967
173,0.2525,0.1463,0.1463
174,0.2525,0.4131,0.4131
175,0.6828,0.6828,0.6828
176,0.4131,0.4131,0.4131
177,0.2525,0.1463,0.1463
178,0.3902,0.3443,0.3443
179,0.3902,0.3443,0.3443
180,0.3902,0.3443,0.3443
181,0.8291,0.8291,0.8291
182,0.3902,0.3902,0.8291
183,0.3902,0.3443,0.3443
184,0.3902,0.3443,0.3443
185,0.3902,0.3443,0.3443
186,0.3902,0.3902,0.3443
187,0.6828,0.6828,0.6828
188,0.3902,0.2525,0.2525
189,0.3902,0.3443,0.3443
190,0.3902,0.3443,0.3443
191,0.3443,0.1463,0.1463
192,0.3902,0.2525,0.2525
193,0.2525,0.1463,0.1463
194,0.1836,0.1463,0.1463
195,0.3902,0.2525,0.2525
196,0.3902,0.2525,0.2525
197,0.3443,0.1463,0.1463
198,0.3902,0.2525,0.2525
199,0.3443,0.1463,0.1463
200,0.2525,0.1463,0.1463
201,0.2525,0.1463,0.1463
202,0.2525,0.1463,0.1463
203,0.2525,0.1463,0.1463
204,0.3443,0.1463,0.1463
205,0.3902,0.2525,0.2525
206,0.3902,0.2525,0.2525
207,0.3902,0.2525,0.2525
208,0.3443,0.1463,0.1463
209,0.3902,0.2525,0.2525
210,0.2525,0.1463,0.1463
211,0.3902,0.2525,0.2525
212,0.2525,0.1463,0.1463
213,0.2525,0.1463,0.1463
214,0.2525,0.1463,0.1463
215,0.2525,0.4131,0.4131
216,0.3902,0.2525,0.2525
217,0.2525,0.4131,0.4131
218,0.2525,0.1463,0.1463
219,0.2525,0.2525,0.2525
220,0.2525,0.1463,0.1463
221,0.2525,0.1463,0.1463
222,0.2525,0.1463,0.1463
223,0.2525,0.1463,0.1463
224,0.6828,0.6828,0.6828
225,0.1836,0.1463,0.5967
226,0.3902,0.2525,0.2525
227,0.2525,0.4877,0.4877
228,0.3902,0.2525,0.2525
229,0.5967,0.5967,0.5967
230,0.2525,0.1463,0.1463
231,0.1463,0.1463,0.1463
232,0.3902,0.2525,0.2525
233,0.1463,0.1463,0.1463
234,0.2525,0.1463,0.1463
235,0.2525,0.1463,0.1463
236,0.1836,0.1836,0.1836
237,0.2525,0.2525,0.2525
238,0.2525,0.1463,0.1463
239,0.2525,0.1463,0.4877
240,0.2525,0.1463,0.1463
241,0.4131,0.4131,0.4877
242,0.4131,0.4131,0.4131
243,0.3443,0.4131,0.4131
244,0.3902,0.3443,0.3443
245,0.3902,0.3443,0.3443
246,0.3902,0.3443,0.3443
247,0.3902,0.2525,0.2525
248,0.1836,0.1463,0.1463
249,0.2525,0.1463,0.1463
250,0.2525,0.1463,0.1463
251,0.3902,0.2525,0.2525
252,0.2525,0.1463,0.1463
253,0.2525,0.1463,0.1463
254,0.2525,0.1463,0.1463
255,0.1836,0.1463,0.1463
256,0.1836,0.1463,0.1463
257,0.3902,0.2525,0.2525
258,0.2525,0.2525,0.2525
259,0.6828,0.6828,0.6828
260,0.3902,0.3443,0.3443
261,0.3902,0.3902,0.3443
262,0.3902,0.3443,0.3443
263,0.3902,0.3443,0.3443
264,0.3443,0.3443,0.3443
265,0.2525,0.1463,0.1463
266,0.3902,0.2525,0.2525
267,0.2525,0.1463,0.1463
268,0.1836,0.1463,0.1463
269,0.6828,0.6828,0.6828
270,0.2525,0.4877,0.4877
271,0.3902,0.2525,0.2525
272,0.3902,0.2525,0.2525
273,0.2525,0.1463,0.1463
274,0.2525,0.1463,0.1463
275,0.2525,0.1463,0.1463
276,0.2525,0.1463,0.1463
277,0.2525,0.1463,0.1463
278,0.2525,0.1463,0.1463
279,0.3902,0.2525,0.2525
280,0.1836,0.1836,0.1836
281,0.1836,0.1836,0.1463
282,0.2525,0.1463,0.1463
283,0.6828,0.6828,0.6828
284,0.2525,0.1463,0.1463
285,0.6828,0.6828,0.6828
286,0.1836,0.1836,0.1836
287,0.3902,0.2525,0.2525
288,0.3902,0.6828,0.6828
289,0.3902,0.3443,0.3443
290,0.3443,0.6828,0.6828
291,0.3443,0.3443,0.3443
292,0.2525,0.2525,0.2525
293,0.2525,0.1463,0.1463
294,0.2525,0.1463,0.1463
295,0.6828,0.6828,0.6828
296,0.6828,0.6828,0.6828
297,0.1836,0.1836,0.1836
298,0.3902,0.3443,0.3443
299,0.3902,0.2525,0.2525
300,0.3902,0.2525,0.2525
301,0.3443,0.1463,0.1463
302,0.3443,0.1463,0.1463
303,0.6828,0.6828,0.6828
304,0.3902,0.3443,0.3443
305,0.3902,0.3443,0.3443
306,0.3902,0.3443,0.3443
307,0.3902,0.3443,0.3443
308,0.3443,0.3443,0.3443
309,0.3902,0.2525,0.2525
310,0.3902,0.2525,0.2525
311,0.1836,0.1463,0.1463
312,0.1836,0.1463,0.1463
313,0.1836,0.1463,0.1463
314,0.3443,0.3443,0.3443
315,0.3902,0.2525,0.2525
316,0.6828,0.6828,0.6828
317,0.3902,0.3443,0.3443
318,0.3902,0.3443,0.3443
319,0.3902,0.3443,0.3443
320,0.3902,0.3443,0.3443
321,0.3902,0.3443,0.3443
322,0.3902,0.2525,0.2525
323,0.3902,0.2525,0.2525
324,0.3902,0.2525,0.2525
325,0.1836,0.1463,0.1463
326,0.2525,0.1463,0.1463
327,0.3902,0.2525,0.2525
328,0.2525,0.1463,0.1463
329,0.6828,0.6828,0.6828
330,0.3902,0.3902,0.3902
331,0.3902,0.3443,0.3443
332,0.3902,0.8291,0.8291
333,0.3902,0.3443,0.3443
334,0.3902,0.3443,0.3443
335,0.3902,0.3443,0.3443
336,0.3902,0.2525,0.2525
337,0.2525,0.1463,0.1463
338,0.3902,0.2525,0.2525
339,0.2525,0.1463,0.1463
340,0.2525,0.1463,0.1463
341,0.1836,0.1463,0.1463
342,0.6828,0.6828,0.6828
